{
    "metrics": {
        "http_reqs": {
            "count": 3,
            "rate": 1.78472185288395
        },
        "http_req_connecting": {
            "avg": 20.3542,
            "min": 15.2668,
            "med": 22.8979,
            "max": 22.8979,
            "p(90)": 22.8979,
            "p(95)": 22.8979
        },
        "http_req_receiving": {
            "avg": 0.13646666666666665,
            "min": 0,
            "med": 0,
            "max": 0.4094,
            "p(90)": 0.32752000000000003,
            "p(95)": 0.36845999999999995
        },
        "iterations": {
            "count": 3,
            "rate": 1.78472185288395
        },
        "vus": {
            "value": 3,
            "min": 3,
            "max": 3
        },
        "data_sent": {
            "count": 9594,
            "rate": 5707.540485522872
        },
        "checks": {
            "passes": 3,
            "fails": 33,
            "value": 0.08333333333333333
        },
        "vus_max": {
            "value": 3,
            "min": 3,
            "max": 3
        },
        "iteration_duration": {
            "med": 1680.9342,
            "max": 1680.9342,
            "p(90)": 1680.9342,
            "p(95)": 1680.9342,
            "avg": 1665.4502666666667,
            "min": 1634.4824
        },
        "http_req_sending": {
            "avg": 0.6728666666666666,
            "min": 0.0517,
            "med": 0.7262,
            "max": 1.2407,
            "p(90)": 1.1378,
            "p(95)": 1.18925
        },
        "http_req_waiting": {
            "max": 398.1726,
            "p(90)": 398.09072,
            "p(95)": 398.13166,
            "avg": 386.0112,
            "min": 362.0978,
            "med": 397.7632
        },
        "http_req_duration{expected_response:true}": {
            "avg": 386.82053333333334,
            "min": 362.824,
            "med": 398.2243,
            "max": 399.4133,
            "p(90)": 399.1755,
            "p(95)": 399.2944
        },
        "http_req_duration": {
            "med": 398.2243,
            "max": 399.4133,
            "p(90)": 399.1755,
            "p(95)": 399.2944,
            "avg": 386.82053333333334,
            "min": 362.824
        },
        "http_req_failed": {
            "passes": 0,
            "fails": 3,
            "value": 0
        },
        "http_req_blocked": {
            "min": 263.3738,
            "med": 272.9302,
            "max": 272.9302,
            "p(90)": 272.9302,
            "p(95)": 272.9302,
            "avg": 269.7447333333334
        },
        "data_received": {
            "count": 16770,
            "rate": 9976.59515762128
        },
        "http_req_tls_handshaking": {
            "max": 224.8873,
            "p(90)": 224.64950000000002,
            "p(95)": 224.7684,
            "avg": 223.62436666666667,
            "min": 222.2875,
            "med": 223.6983
        }
    },
    "root_group": {
        "checks": {
            "200 OK": {
                "name": "200 OK",
                "path": "::200 OK",
                "id": "e9654c443eff553da9e69eda7007924e",
                "passes": 3,
                "fails": 0
            },
            "201 Created": {
                "passes": 0,
                "fails": 3,
                "name": "201 Created",
                "path": "::201 Created",
                "id": "728dcd977aae263ca314731145e1d447"
            },
            "204 No Content": {
                "fails": 3,
                "name": "204 No Content",
                "path": "::204 No Content",
                "id": "54fa3c2eda34e1622fda2da5e0479fc5",
                "passes": 0
            },
            "400 Bad Request": {
                "name": "400 Bad Request",
                "path": "::400 Bad Request",
                "id": "eeae81934b9b58bccaf0184a6d070338",
                "passes": 0,
                "fails": 3
            },
            "401 Unauthorized": {
                "path": "::401 Unauthorized",
                "id": "6ae9254e6aefe7f0bafe5102fa7e20a5",
                "passes": 0,
                "fails": 3,
                "name": "401 Unauthorized"
            },
            "403 Forbidden": {
                "path": "::403 Forbidden",
                "id": "655548b761742c5a7ad15aa7df3a5d9c",
                "passes": 0,
                "fails": 3,
                "name": "403 Forbidden"
            },
            "404 Not Found": {
                "name": "404 Not Found",
                "path": "::404 Not Found",
                "id": "df1528f9925ca236bac51008f77b774a",
                "passes": 0,
                "fails": 3
            },
            "429 Too Many Requests": {
                "name": "429 Too Many Requests",
                "path": "::429 Too Many Requests",
                "id": "b810c35b9499cc7342fd415032e3a6aa",
                "passes": 0,
                "fails": 3
            },
            "500 Internal Server Error": {
                "name": "500 Internal Server Error",
                "path": "::500 Internal Server Error",
                "id": "3cd96245b24e869810efe46d533b0eef",
                "passes": 0,
                "fails": 3
            },
            "502 Bad Gateway": {
                "name": "502 Bad Gateway",
                "path": "::502 Bad Gateway",
                "id": "712cb0ec189a11f31f0d6d0c0031b569",
                "passes": 0,
                "fails": 3
            },
            "503 Service Unavailable": {
                "passes": 0,
                "fails": 3,
                "name": "503 Service Unavailable",
                "path": "::503 Service Unavailable",
                "id": "f1ea1a22be0dc738c385523a66ea1cd9"
            },
            "504 Gateway Timeout": {
                "fails": 3,
                "name": "504 Gateway Timeout",
                "path": "::504 Gateway Timeout",
                "id": "218efb729cb654723ccd57c6ebbebe29",
                "passes": 0
            }
        },
        "name": "",
        "path": "",
        "id": "d41d8cd98f00b204e9800998ecf8427e",
        "groups": {}
    }
}