{
    "metrics": {
        "data_sent": {
            "count": 31980,
            "rate": 12637.716232688097
        },
        "http_req_duration": {
            "p(95)": 422.146665,
            "avg": 280.69336,
            "min": 9.1732,
            "med": 374.1942,
            "max": 430.5348,
            "p(90)": 413.75853
        },
        "http_req_failed": {
            "passes": 0,
            "fails": 10,
            "value": 0
        },
        "http_req_blocked": {
            "p(95)": 346.43133499999993,
            "avg": 272.72071,
            "min": 225.7492,
            "med": 251.3497,
            "max": 358.1033,
            "p(90)": 334.75937
        },
        "http_req_connecting": {
            "max": 52.59,
            "p(90)": 41.36411999999999,
            "p(95)": 46.97705999999999,
            "avg": 20.638849999999998,
            "min": 6.5698,
            "med": 14.69165
        },
        "http_req_sending": {
            "avg": 0.26681999999999995,
            "min": 0,
            "med": 0.17235,
            "max": 0.6334,
            "p(90)": 0.5971299999999999,
            "p(95)": 0.615265
        },
        "http_req_waiting": {
            "avg": 279.5374,
            "min": 9.1732,
            "med": 371.00095,
            "max": 429.6438,
            "p(90)": 412.3683,
            "p(95)": 421.00604999999996
        },
        "vus_max": {
            "value": 10,
            "min": 10,
            "max": 10
        },
        "iteration_duration": {
            "med": 1610.4128,
            "max": 1758.6497,
            "p(90)": 1730.84366,
            "p(95)": 1744.74668,
            "avg": 1561.4242,
            "min": 1244.1412
        },
        "http_req_duration{expected_response:true}": {
            "avg": 280.69336,
            "min": 9.1732,
            "med": 374.1942,
            "max": 430.5348,
            "p(90)": 413.75853,
            "p(95)": 422.146665
        },
        "iterations": {
            "count": 10,
            "rate": 3.951756170321481
        },
        "http_req_tls_handshaking": {
            "min": 217.9472,
            "med": 231.6551,
            "max": 330.7567,
            "p(90)": 285.43890999999996,
            "p(95)": 308.09780499999994,
            "avg": 249.92728000000002
        },
        "http_req_receiving": {
            "avg": 0.8891399999999999,
            "min": 0,
            "med": 0.17004999999999998,
            "max": 6.3865,
            "p(90)": 1.452519999999998,
            "p(95)": 3.919509999999994
        },
        "checks": {
            "passes": 10,
            "fails": 110,
            "value": 0.08333333333333333
        },
        "http_reqs": {
            "count": 10,
            "rate": 3.951756170321481
        },
        "data_received": {
            "count": 55900,
            "rate": 22090.31699209708
        },
        "dropped_iterations": {
            "count": 1,
            "rate": 0.3951756170321481
        },
        "vus": {
            "max": 10,
            "value": 6,
            "min": 6
        }
    },
    "root_group": {
        "name": "",
        "path": "",
        "id": "d41d8cd98f00b204e9800998ecf8427e",
        "groups": {},
        "checks": {
                "200 OK": {
                    "name": "200 OK",
                    "path": "::200 OK",
                    "id": "e9654c443eff553da9e69eda7007924e",
                    "passes": 10,
                    "fails": 0
                },
                "201 Created": {
                    "name": "201 Created",
                    "path": "::201 Created",
                    "id": "728dcd977aae263ca314731145e1d447",
                    "passes": 0,
                    "fails": 10
                },
                "204 No Content": {
                    "name": "204 No Content",
                    "path": "::204 No Content",
                    "id": "54fa3c2eda34e1622fda2da5e0479fc5",
                    "passes": 0,
                    "fails": 10
                },
                "400 Bad Request": {
                    "id": "eeae81934b9b58bccaf0184a6d070338",
                    "passes": 0,
                    "fails": 10,
                    "name": "400 Bad Request",
                    "path": "::400 Bad Request"
                },
                "401 Unauthorized": {
                    "name": "401 Unauthorized",
                    "path": "::401 Unauthorized",
                    "id": "6ae9254e6aefe7f0bafe5102fa7e20a5",
                    "passes": 0,
                    "fails": 10
                },
                "403 Forbidden": {
                    "fails": 10,
                    "name": "403 Forbidden",
                    "path": "::403 Forbidden",
                    "id": "655548b761742c5a7ad15aa7df3a5d9c",
                    "passes": 0
                },
                "404 Not Found": {
                    "id": "df1528f9925ca236bac51008f77b774a",
                    "passes": 0,
                    "fails": 10,
                    "name": "404 Not Found",
                    "path": "::404 Not Found"
                },
                "429 Too Many Requests": {
                    "name": "429 Too Many Requests",
                    "path": "::429 Too Many Requests",
                    "id": "b810c35b9499cc7342fd415032e3a6aa",
                    "passes": 0,
                    "fails": 10
                },
                "500 Internal Server Error": {
                    "name": "500 Internal Server Error",
                    "path": "::500 Internal Server Error",
                    "id": "3cd96245b24e869810efe46d533b0eef",
                    "passes": 0,
                    "fails": 10
                },
                "502 Bad Gateway": {
                    "name": "502 Bad Gateway",
                    "path": "::502 Bad Gateway",
                    "id": "712cb0ec189a11f31f0d6d0c0031b569",
                    "passes": 0,
                    "fails": 10
                },
                "503 Service Unavailable": {
                    "name": "503 Service Unavailable",
                    "path": "::503 Service Unavailable",
                    "id": "f1ea1a22be0dc738c385523a66ea1cd9",
                    "passes": 0,
                    "fails": 10
                },
                "504 Gateway Timeout": {
                    "fails": 10,
                    "name": "504 Gateway Timeout",
                    "path": "::504 Gateway Timeout",
                    "id": "218efb729cb654723ccd57c6ebbebe29",
                    "passes": 0
                }
            }
    }
}