{
    "metrics": {
        "http_req_duration": {
            "max": 6706.5734,
            "p(90)": 2836.41723,
            "p(95)": 2948.63348,
            "avg": 2253.1437262026648,
            "min": 0,
            "med": 2561.5471
        },
        "http_req_duration{expected_response:true}": {
            "avg": 2581.1966069713426,
            "min": 7.5454,
            "med": 2597.803,
            "max": 6706.5734,
            "p(90)": 2851.57096,
            "p(95)": 2969.93113
        },
        "http_req_connecting": {
            "avg": 1982.172266026673,
            "min": 0,
            "med": 2261.4198,
            "max": 9453.7693,
            "p(90)": 2477.6524,
            "p(95)": 2800.10727
        },
        "http_req_failed": {
            "passes": 2383,
            "fails": 16367,
            "value": 0.12709333333333334
        },
        "data_sent": {
            "count": 52341666,
            "rate": 381185.08906393783
        },
        "iterations": {
            "count": 18750,
            "rate": 136.54934903961282
        },
        "vus_max": {
            "value": 18750,
            "min": 10310,
            "max": 18750
        },
        "http_reqs": {
            "count": 18750,
            "rate": 136.54934903961282
        },
        "http_req_blocked": {
            "med": 4453.43475,
            "max": 134213.4415,
            "p(90)": 5448.783300000002,
            "p(95)": 5843.677084999999,
            "avg": 4102.482087994683,
            "min": 0
        },
        "http_req_tls_handshaking": {
            "avg": 2119.146406373328,
            "min": 0,
            "med": 2245.8304,
            "max": 128642.0717,
            "p(90)": 2977.32218,
            "p(95)": 3172.40208
        },
        "http_req_receiving": {
            "max": 133.8957,
            "p(90)": 5.0012,
            "p(95)": 8.6216,
            "avg": 2.8835152479999717,
            "min": 0,
            "med": 1.9945
        },
        "iteration_duration": {
            "avg": 8324.777512202627,
            "min": 1000.5386,
            "med": 8508.5567,
            "max": 135544.3779,
            "p(90)": 9397.67898,
            "p(95)": 9651.2926
        },
        "checks": {
            "passes": 16367,
            "fails": 208633,
            "value": 0.07274222222222222
        },
        "data_received": {
            "count": 91524486,
            "rate": 666539.1458392083
        },
        "vus": {
            "max": 18703,
            "value": 3,
            "min": 0
        },
        "http_req_waiting": {
            "med": 2556.77,
            "max": 6705.5728,
            "p(90)": 2833.07372,
            "p(95)": 2945.36626,
            "avg": 2249.861734511988,
            "min": 0
        },
        "http_req_sending": {
            "avg": 0.3984764426666674,
            "min": 0,
            "med": 0,
            "max": 302.66,
            "p(90)": 1.0009,
            "p(95)": 1.0155
        }
    },
    "root_group": {
        "name": "",
        "path": "",
        "id": "d41d8cd98f00b204e9800998ecf8427e",
        "groups": {},
        "checks": {
                "200 OK": {
                    "path": "::200 OK",
                    "id": "e9654c443eff553da9e69eda7007924e",
                    "passes": 16367,
                    "fails": 2383,
                    "name": "200 OK"
                },
                "201 Created": {
                    "path": "::201 Created",
                    "id": "728dcd977aae263ca314731145e1d447",
                    "passes": 0,
                    "fails": 18750,
                    "name": "201 Created"
                },
                "204 No Content": {
                    "id": "54fa3c2eda34e1622fda2da5e0479fc5",
                    "passes": 0,
                    "fails": 18750,
                    "name": "204 No Content",
                    "path": "::204 No Content"
                },
                "400 Bad Request": {
                    "fails": 18750,
                    "name": "400 Bad Request",
                    "path": "::400 Bad Request",
                    "id": "eeae81934b9b58bccaf0184a6d070338",
                    "passes": 0
                },
                "401 Unauthorized": {
                    "name": "401 Unauthorized",
                    "path": "::401 Unauthorized",
                    "id": "6ae9254e6aefe7f0bafe5102fa7e20a5",
                    "passes": 0,
                    "fails": 18750
                },
                "403 Forbidden": {
                    "name": "403 Forbidden",
                    "path": "::403 Forbidden",
                    "id": "655548b761742c5a7ad15aa7df3a5d9c",
                    "passes": 0,
                    "fails": 18750
                },
                "404 Not Found": {
                    "name": "404 Not Found",
                    "path": "::404 Not Found",
                    "id": "df1528f9925ca236bac51008f77b774a",
                    "passes": 0,
                    "fails": 18750
                },
                "429 Too Many Requests": {
                    "id": "b810c35b9499cc7342fd415032e3a6aa",
                    "passes": 0,
                    "fails": 18750,
                    "name": "429 Too Many Requests",
                    "path": "::429 Too Many Requests"
                },
                "500 Internal Server Error": {
                    "name": "500 Internal Server Error",
                    "path": "::500 Internal Server Error",
                    "id": "3cd96245b24e869810efe46d533b0eef",
                    "passes": 0,
                    "fails": 18750
                },
                "502 Bad Gateway": {
                    "name": "502 Bad Gateway",
                    "path": "::502 Bad Gateway",
                    "id": "712cb0ec189a11f31f0d6d0c0031b569",
                    "passes": 0,
                    "fails": 18750
                },
                "503 Service Unavailable": {
                    "fails": 18750,
                    "name": "503 Service Unavailable",
                    "path": "::503 Service Unavailable",
                    "id": "f1ea1a22be0dc738c385523a66ea1cd9",
                    "passes": 0
                },
                "504 Gateway Timeout": {
                    "name": "504 Gateway Timeout",
                    "path": "::504 Gateway Timeout",
                    "id": "218efb729cb654723ccd57c6ebbebe29",
                    "passes": 0,
                    "fails": 18750
                }
            }
    }
}